{"cameraMode":{"drawMode":0,"name":"Shaded","section":"Shading Mode"},"sceneLighting":true,"audioPlay":false,"sceneViewState":{"showFog":false,"showMaterialUpdate":false,"showSkybox":false,"showFlares":false,"showImageEffects":false,"showParticleSystems":false},"in2DMode":false,"pivot":{"x":4.117749214172363,"y":-13.312883377075196,"z":-9.399528503417969},"rotation":{"x":0.11373554170131684,"y":0.017882447689771653,"z":-0.002048066584393382,"w":0.9933480620384216},"size":51.13543701171875,"orthographic":false}