{"cameraMode":{"drawMode":0,"name":"Shaded","section":"Shading Mode"},"sceneLighting":true,"audioPlay":false,"sceneViewState":{"showFog":false,"showMaterialUpdate":false,"showSkybox":false,"showFlares":false,"showImageEffects":false,"showParticleSystems":false},"in2DMode":false,"pivot":{"x":1.3899269104003907,"y":-0.26636767387390139,"z":-0.006640434265136719},"rotation":{"x":0.05128718912601471,"y":-0.007496860343962908,"z":0.0003847393090836704,"w":0.9986557364463806},"size":33.46379852294922,"orthographic":false}