{"cameraMode":{"drawMode":0,"name":"Shaded","section":"Shading Mode"},"sceneLighting":false,"audioPlay":false,"sceneViewState":{"showFog":false,"showMaterialUpdate":false,"showSkybox":false,"showFlares":false,"showImageEffects":false,"showParticleSystems":false},"in2DMode":false,"pivot":{"x":-0.38759052753448489,"y":-0.054707109928131106,"z":-0.058526039123535159},"rotation":{"x":0.07971566915512085,"y":-0.016454333439469339,"z":0.0013157023349776865,"w":0.9966810345649719},"size":4.978557586669922,"orthographic":false}