{"cameraMode":{"drawMode":0,"name":"Shaded","section":"Shading Mode"},"sceneLighting":true,"audioPlay":false,"sceneViewState":{"showFog":false,"showMaterialUpdate":false,"showSkybox":false,"showFlares":false,"showImageEffects":false,"showParticleSystems":false},"in2DMode":false,"pivot":{"x":-15.540908813476563,"y":-9.837251663208008,"z":-0.3353080749511719},"rotation":{"x":0.11699496954679489,"y":0.028293507173657419,"z":-0.003334732260555029,"w":0.992723822593689},"size":14.205968856811524,"orthographic":false}