{"cameraMode":{"drawMode":0,"name":"Shaded","section":"Shading Mode"},"sceneLighting":false,"audioPlay":false,"sceneViewState":{"showFog":false,"showMaterialUpdate":false,"showSkybox":false,"showFlares":false,"showImageEffects":false,"showParticleSystems":false},"in2DMode":false,"pivot":{"x":3.690000057220459,"y":4.559999942779541,"z":0.0},"rotation":{"x":0.06295163184404373,"y":-0.014970372430980206,"z":0.0009444599854759872,"w":0.9979038834571838},"size":11.671928405761719,"orthographic":false}