{"cameraMode":{"drawMode":0,"name":"Shaded","section":"Shading Mode"},"sceneLighting":false,"audioPlay":false,"sceneViewState":{"showFog":false,"showMaterialUpdate":false,"showSkybox":false,"showFlares":false,"showImageEffects":false,"showParticleSystems":false},"in2DMode":false,"pivot":{"x":-97.16179656982422,"y":100.18446350097656,"z":-1.2692527770996094},"rotation":{"x":0.040799032896757129,"y":-0.006002277601510286,"z":0.0002448171435389668,"w":0.9991493821144104},"size":59.209468841552737,"orthographic":false}