{"cameraMode":{"drawMode":0,"name":"Shaded","section":"Shading Mode"},"sceneLighting":false,"audioPlay":false,"sceneViewState":{"showFog":false,"showMaterialUpdate":false,"showSkybox":false,"showFlares":false,"showImageEffects":false,"showParticleSystems":false},"in2DMode":false,"pivot":{"x":-0.43591615557670596,"y":-0.3189312815666199,"z":0.40252017974853518},"rotation":{"x":0.07520930469036102,"y":-0.02842266671359539,"z":0.0021443211007863285,"w":0.9967603087425232},"size":8.112529754638672,"orthographic":false}