{"cameraMode":{"drawMode":0,"name":"Shaded","section":"Shading Mode"},"sceneLighting":false,"audioPlay":false,"sceneViewState":{"showFog":false,"showMaterialUpdate":false,"showSkybox":false,"showFlares":false,"showImageEffects":false,"showParticleSystems":false},"in2DMode":false,"pivot":{"x":2.5999999046325685,"y":-16.200000762939454,"z":0.0},"rotation":{"x":0.11673269420862198,"y":-0.004469929728657007,"z":0.0005247697117738426,"w":0.9931532144546509},"size":11.671928405761719,"orthographic":false}