{"cameraMode":{"drawMode":0,"name":"Shaded","section":"Shading Mode"},"sceneLighting":false,"audioPlay":false,"sceneViewState":{"showFog":false,"showMaterialUpdate":false,"showSkybox":false,"showFlares":false,"showImageEffects":false,"showParticleSystems":false},"in2DMode":false,"pivot":{"x":235.61354064941407,"y":93.76176452636719,"z":1.007598876953125},"rotation":{"x":0.031491972506046298,"y":-0.01349362637847662,"z":0.0004252707294654101,"w":0.9994128346443176},"size":379.2156066894531,"orthographic":false}