{"cameraMode":{"drawMode":0,"name":"Shaded","section":"Shading Mode"},"sceneLighting":false,"audioPlay":false,"sceneViewState":{"showFog":false,"showMaterialUpdate":false,"showSkybox":false,"showFlares":false,"showImageEffects":false,"showParticleSystems":false},"in2DMode":false,"pivot":{"x":-4.960000038146973,"y":0.2999992370605469,"z":-0.6000003814697266},"rotation":{"x":0.05097673460841179,"y":-0.007490918505936861,"z":0.00038243996095843613,"w":0.9986717104911804},"size":4.678557395935059,"orthographic":false}