{"cameraMode":{"drawMode":0,"name":"Shaded","section":"Shading Mode"},"sceneLighting":false,"audioPlay":false,"sceneViewState":{"showFog":false,"showMaterialUpdate":false,"showSkybox":false,"showFlares":false,"showImageEffects":false,"showParticleSystems":false},"in2DMode":false,"pivot":{"x":-0.13899999856948853,"y":0.27000001072883608,"z":0.0},"rotation":{"x":0.02999463491141796,"y":0.007496295031160116,"z":-0.00022486980014946312,"w":0.9995219111442566},"size":2.5496156215667726,"orthographic":false}