{"cameraMode":{"drawMode":0,"name":"Shaded","section":"Shading Mode"},"sceneLighting":false,"audioPlay":false,"sceneViewState":{"showFog":false,"showMaterialUpdate":false,"showSkybox":false,"showFlares":false,"showImageEffects":false,"showParticleSystems":false},"in2DMode":false,"pivot":{"x":-5.329227924346924,"y":1.0976896286010743,"z":0.22962570190429688},"rotation":{"x":0.05097673460841179,"y":-0.007490918505936861,"z":0.00038243996095843613,"w":0.9986717104911804},"size":37.156524658203128,"orthographic":false}