{"cameraMode":{"drawMode":0,"name":"Shaded","section":"Shading Mode"},"sceneLighting":true,"audioPlay":false,"sceneViewState":{"showFog":false,"showMaterialUpdate":false,"showSkybox":false,"showFlares":false,"showImageEffects":false,"showParticleSystems":false},"in2DMode":false,"pivot":{"x":-0.14303427934646607,"y":64.99088287353516,"z":-2.639565944671631},"rotation":{"x":-0.6976275444030762,"y":-0.010750126093626023,"z":-0.010470100678503514,"w":0.7163034677505493},"size":76.91594696044922,"orthographic":false}